{
  "n_train": 83026,
  "n_test": 27500,
  "auc_gbm": 0.7420475069251049,
  "auc_logit": 0.7337557877972354,
  "brier_gbm": 0.14356020469822234,
  "base_rate": 0.20193438647919945,
  "lead_time_noshow_rates": {
    "same_day": 0.04659423859776493,
    "1-2d": 0.22742502931814373,
    "3-7d": 0.24976539734281622,
    "8-30d": 0.3172200299360457,
    "31d+": 0.33002505299672386
  },
  "sms_effect": {
    "no_sms_noshow": 0.16703533926762965,
    "sms_noshow": 0.27574544839637
  }
}