{
  "NAR (reassign no-show slots)": {
    "throughput": {
      "mean": 318.6333333333333,
      "ci_low": 307.0,
      "ci_high": 330.0,
      "std": 6.284814149112835
    },
    "no_show_rate": {
      "mean": 0.1570546737213404,
      "ci_low": 0.12698412698412698,
      "ci_high": 0.18783068783068782,
      "std": 0.016626492457970463
    },
    "median_wait_min": {
      "mean": 76.95475140664254,
      "ci_low": 54.256762923588326,
      "ci_high": 95.01190096335081,
      "std": 13.54140715995164
    },
    "p90_wait_min": {
      "mean": 114.1416139248002,
      "ci_low": 84.2425778303859,
      "ci_high": 140.62118373266006,
      "std": 16.47098690046456
    },
    "mean_md_util": {
      "mean": 0.7392362300517867,
      "ci_low": 0.7030097695993843,
      "ci_high": 0.7726410381403866,
      "std": 0.0217934258760783
    },
    "nurse_util_capped": {
      "mean": 1.0,
      "ci_low": 1.0,
      "ci_high": 1.0,
      "std": 0.0
    },
    "nurse_overtime_hrs": {
      "mean": 1.3169250521757365,
      "ci_low": 0.6077346590971355,
      "ci_high": 1.7987428696629313,
      "std": 0.33664342257953095
    },
    "md_overtime_hrs": {
      "mean": 0.0,
      "ci_low": 0.0,
      "ci_high": 0.0,
      "std": 0.0
    },
    "mean_wait_checkin": {
      "mean": 7.636747029334305,
      "ci_low": 5.235042918642945,
      "ci_high": 13.30314343947543,
      "std": 2.005605424449394
    },
    "mean_wait_nurse": {
      "mean": 47.731359829082656,
      "ci_low": 29.02729232392847,
      "ci_high": 61.82226876412737,
      "std": 10.473871411753791
    },
    "mean_wait_md_only": {
      "mean": 9.835828758991969,
      "ci_low": 6.803075484530412,
      "ci_high": 14.312030562926532,
      "std": 2.3697642124583216
    }
  },
  "RBS (risk-buffered schedule)": {
    "throughput": {
      "mean": 225.36666666666667,
      "ci_low": 214.0,
      "ci_high": 235.55,
      "std": 5.822275233007186
    },
    "no_show_rate": {
      "mean": 0.18048484848484847,
      "ci_low": 0.14345454545454545,
      "ci_high": 0.22181818181818183,
      "std": 0.02117190993820795
    },
    "median_wait_min": {
      "mean": 19.71460167221507,
      "ci_low": 17.40834071070057,
      "ci_high": 22.434170306189475,
      "std": 1.3399626358313508
    },
    "p90_wait_min": {
      "mean": 34.468234897183386,
      "ci_low": 30.237335846885475,
      "ci_high": 39.82019095191895,
      "std": 3.0220355897499647
    },
    "mean_md_util": {
      "mean": 0.5304617681488212,
      "ci_low": 0.49338559210277766,
      "ci_high": 0.5655272424655133,
      "std": 0.02036782038638434
    },
    "nurse_util_capped": {
      "mean": 0.8111879229998498,
      "ci_low": 0.7636869998541123,
      "ci_high": 0.871297705194518,
      "std": 0.033215409365971955
    },
    "nurse_overtime_hrs": {
      "mean": 0.0,
      "ci_low": 0.0,
      "ci_high": 0.0,
      "std": 0.0
    },
    "md_overtime_hrs": {
      "mean": 0.0,
      "ci_low": 0.0,
      "ci_high": 0.0,
      "std": 0.0
    },
    "mean_wait_checkin": {
      "mean": 2.7141667794019786,
      "ci_low": 2.103065587879639,
      "ci_high": 3.453592083666012,
      "std": 0.3998342148816052
    },
    "mean_wait_nurse": {
      "mean": 1.9732549440934901,
      "ci_low": 1.2481346179474708,
      "ci_high": 3.532196304344036,
      "std": 0.6301085649695964
    },
    "mean_wait_md_only": {
      "mean": 4.231935452269822,
      "ci_low": 2.838094163450254,
      "ci_high": 6.349233719909532,
      "std": 0.9480068400707637
    }
  },
  "baseline": {
    "throughput": {
      "mean": 262.3666666666667,
      "ci_low": 247.35,
      "ci_high": 275.825,
      "std": 7.418370590784894
    },
    "no_show_rate": {
      "mean": 0.18010416666666668,
      "ci_low": 0.138046875,
      "ci_high": 0.22703124999999996,
      "std": 0.023182408096202797
    },
    "median_wait_min": {
      "mean": 25.759488127302838,
      "ci_low": 20.390381480879256,
      "ci_high": 38.89997024079399,
      "std": 5.3970225254609225
    },
    "p90_wait_min": {
      "mean": 42.15157125308508,
      "ci_low": 34.69356481716997,
      "ci_high": 56.557092819564886,
      "std": 6.470505799124998
    },
    "mean_md_util": {
      "mean": 0.6071186886473161,
      "ci_low": 0.5583138513359646,
      "ci_high": 0.6391039950436365,
      "std": 0.023333465335616872
    },
    "nurse_util_capped": {
      "mean": 0.9516928187579805,
      "ci_low": 0.8877934453708709,
      "ci_high": 1.0,
      "std": 0.03178552185216225
    },
    "nurse_overtime_hrs": {
      "mean": 0.028922289663368694,
      "ci_low": 0.0,
      "ci_high": 0.2482276773524528,
      "std": 0.07695699853933373
    },
    "md_overtime_hrs": {
      "mean": 0.0,
      "ci_low": 0.0,
      "ci_high": 0.0,
      "std": 0.0
    },
    "mean_wait_checkin": {
      "mean": 3.7510425778118526,
      "ci_low": 3.106840520584154,
      "ci_high": 4.735998220834848,
      "std": 0.46830785381726764
    },
    "mean_wait_nurse": {
      "mean": 6.086008238089358,
      "ci_low": 2.494582608908377,
      "ci_high": 17.868232214203708,
      "std": 4.581427559594551
    },
    "mean_wait_md_only": {
      "mean": 5.119735304895283,
      "ci_low": 3.341918736933847,
      "ci_high": 7.2366834623002125,
      "std": 0.9667743687466188
    }
  }
}